indicador_id,indicador,recorte,fonte,arquivo_tabela,caminho,campos,ano_periodo,unidade,numerador,denominador,cobertura_municipal,municipios_com_dado,tamanho_minimo_grupo,tratamento_ausencia,compatibilidade_indicador_principal,benchmark_estadual,comparacao_pares,risco_identificacao_instabilidade,categoria_uso_recomendado,uso_recomendado,status_p4b
basico_integral,Alunos do público-alvo da ETI em jornada integral na rede pública,dependencia_administrativa,INEP — Censo Escolar / Sinopse Estatística; painel educacional municipal já exportado,censo; matriculas_basico_integral_por_dependencia.sql,/data/educacao/municipios/{id}.json#blocos.matriculas.detalhamentos.tempo_integral_por_rede,"ano, dependencia, matriculas_integral, matriculas_total, percentual_integral",2014–2025,percentual,matriculas_integral,matriculas_total,497/497,497,1; mínimo positivo 1; 0 células com zero explícito,null permanece ausente; grupos ausentes não são convertidos em zero; zeros explícitos são preservados como publicados pela fonte,compatível após filtrar federal/estadual/municipal e excluir privada e o agregado publica para evitar dupla contagem,calculável por soma dos numeradores e denominadores no mesmo ano e recorte,"calculável com a mesma fórmula, ano e dependência","agregado municipal, sem identificador individual; células pequenas e muitos zeros exigem supressão e aviso de instabilidade",governabilidade,decomposição de responsabilidade de rede; não comparar células abaixo do limiar,eligible_after_cell_threshold
basico_integral,Alunos do público-alvo da ETI em jornada integral na rede pública,urbano_rural,INEP — Censo Escolar / Sinopse Estatística; painel educacional municipal já exportado,censo,/data/educacao/municipios/{id}.json#blocos.matriculas.detalhamentos.por_rede_localizacao,"ano, dependencia, localizacao, matriculas_integral, matriculas, percentual_integral",2014–2025,percentual,soma de matriculas_integral nas dependências públicas,soma de matriculas nas dependências públicas,497/497,497,1; mínimo positivo 1; 0 células com zero explícito,null permanece ausente; grupos ausentes não são convertidos em zero; zeros explícitos são preservados como publicados pela fonte,compatível com o indicador principal quando o filtro público e a agregação por localização são aplicados no mesmo ano,calculável por soma dos componentes no mesmo ano e localização,"calculável com fórmula, ano, rede pública e localização idênticos","agregado municipal, sem identificador individual; células pequenas e muitos zeros exigem supressão e aviso de instabilidade",desigualdade,"piloto estreito de desigualdade territorial urbano/rural, com supressão de células pequenas",recommended_pilot
basico_integral,Alunos do público-alvo da ETI em jornada integral na rede pública,etapa,INEP — Censo Escolar / Sinopse Estatística; painel educacional municipal já exportado,censo,/data/educacao/municipios/{id}.json#blocos.matriculas.detalhamentos.tempo_integral_por_etapa_rede,"ano, etapa_ensino, dependencia, matriculas_integral, matriculas_total, percentual_integral",2014–2025,percentual,matriculas_integral,matriculas_total,497/497,497,1; mínimo positivo 1; 0 células com zero explícito,null permanece ausente; grupos ausentes não são convertidos em zero; zeros explícitos são preservados como publicados pela fonte,compatível após filtrar e agregar apenas as dependências públicas no mesmo ano e etapa,calculável por soma dos componentes,"calculável com mesma etapa, fórmula e ano","agregado municipal, sem identificador individual; células pequenas e muitos zeros exigem supressão e aviso de instabilidade",desigualdade,diagnóstico por etapa após controle de células pequenas,eligible_after_cell_threshold
creche,População de 0 a 3 anos que frequenta a escola/creche,dependencia_administrativa,INEP — Censo Escolar + população municipal por idade; contrato diagnóstico P3-C,censo; matriculas_creche_por_dependencia.sql,/data/municipios/{id}/diagnostico.json#indicators[].municipalExposure,"ano, dependencia, numerador de matrículas; denominador populacional municipal sem dependência",não aferido; PostgreSQL local indisponível,percentual/contribuição,matrículas por dependência,população residente total da faixa etária,0/497,0,não aferido,null permanece ausente; grupos ausentes não são convertidos em zero; zeros explícitos são preservados como publicados pela fonte,"parcial: o numerador é decomponível, mas o denominador populacional não pertence a uma dependência; não interpretar cada parcela como taxa de cobertura da rede",não comparável como taxa por dependência sem definição de contribuição,"somente como participação do numerador, nunca como cobertura por rede","agregado municipal, sem identificador individual; células pequenas e muitos zeros exigem supressão e aviso de instabilidade",governabilidade,contexto de exposição/governabilidade; não usar como desigualdade de atendimento,not_recommended
pre_escola,População de 4 a 5 anos que frequenta a escola/creche,dependencia_administrativa,INEP — Censo Escolar + população municipal por idade; contrato diagnóstico P3-C,censo; matriculas_pre_escola_por_dependencia.sql,/data/municipios/{id}/diagnostico.json#indicators[].municipalExposure,"ano, dependencia, numerador de matrículas; denominador populacional municipal sem dependência",não aferido; PostgreSQL local indisponível,percentual/contribuição,matrículas por dependência,população residente total da faixa etária,0/497,0,não aferido,null permanece ausente; grupos ausentes não são convertidos em zero; zeros explícitos são preservados como publicados pela fonte,"parcial: o numerador é decomponível, mas o denominador populacional não pertence a uma dependência; não interpretar cada parcela como taxa de cobertura da rede",não comparável como taxa por dependência sem definição de contribuição,"somente como participação do numerador, nunca como cobertura por rede","agregado municipal, sem identificador individual; células pequenas e muitos zeros exigem supressão e aviso de instabilidade",governabilidade,contexto de exposição/governabilidade; não usar como desigualdade de atendimento,not_recommended
basico_6_17,População de 6 a 17 anos que frequenta a educação básica,dependencia_administrativa,INEP — Censo Escolar + população municipal por idade; contrato diagnóstico P3-C,censo; matriculas_basico_6_17_por_dependencia.sql,/data/municipios/{id}/diagnostico.json#indicators[].municipalExposure,"ano, dependencia, numerador de matrículas; denominador populacional municipal sem dependência",não aferido; PostgreSQL local indisponível,percentual/contribuição,matrículas por dependência,população residente total da faixa etária,0/497,0,não aferido,null permanece ausente; grupos ausentes não são convertidos em zero; zeros explícitos são preservados como publicados pela fonte,"parcial: o numerador é decomponível, mas o denominador populacional não pertence a uma dependência; não interpretar cada parcela como taxa de cobertura da rede",não comparável como taxa por dependência sem definição de contribuição,"somente como participação do numerador, nunca como cobertura por rede","agregado municipal, sem identificador individual; células pequenas e muitos zeros exigem supressão e aviso de instabilidade",governabilidade,contexto de exposição/governabilidade; não usar como desigualdade de atendimento,not_recommended
basico_15_17,Matrículas da educação básica de estudantes de 15 a 17 anos em relação à população da faixa,dependencia_administrativa,INEP — Censo Escolar + população municipal por idade; contrato diagnóstico P3-C,censo; matriculas_basico_15_17_por_dependencia.sql,/data/municipios/{id}/diagnostico.json#indicators[].municipalExposure,"ano, dependencia, numerador de matrículas; denominador populacional municipal sem dependência",não aferido; PostgreSQL local indisponível,percentual/contribuição,matrículas por dependência,população residente total da faixa etária,0/497,0,não aferido,null permanece ausente; grupos ausentes não são convertidos em zero; zeros explícitos são preservados como publicados pela fonte,"parcial: o numerador é decomponível, mas o denominador populacional não pertence a uma dependência; não interpretar cada parcela como taxa de cobertura da rede",não comparável como taxa por dependência sem definição de contribuição,"somente como participação do numerador, nunca como cobertura por rede","agregado municipal, sem identificador individual; células pequenas e muitos zeros exigem supressão e aviso de instabilidade",governabilidade,contexto de exposição/governabilidade; não usar como desigualdade de atendimento,not_recommended
creche,População de 0 a 3 anos que frequenta a escola/creche,urbano_rural,INEP — Censo Escolar / Sinopse Estatística; painel educacional municipal já exportado,censo,/data/educacao/municipios/{id}.json#blocos.matriculas.detalhamentos.por_etapa_localizacao,"ano, etapa_ensino, localizacao, matriculas",2014–2025,matrículas,matrículas por etapa e localização da escola,indisponível: população residente por faixa etária e localização,497/497,497,0; mínimo positivo 1; 23267 células com zero explícito,null permanece ausente; grupos ausentes não são convertidos em zero; zeros explícitos são preservados como publicados pela fonte,incompatível como taxa principal: localização da escola não substitui localização de residência e falta o denominador populacional equivalente,"somente contagem de matrículas, não taxa comparável",não recomendado sem denominador residente urbano/rural,"agregado municipal, sem identificador individual; células pequenas e muitos zeros exigem supressão e aviso de instabilidade",contexto,contexto de oferta; não calcular lacuna ou cobertura,not_recommended
creche,População de 0 a 3 anos que frequenta a escola/creche,raca_cor,INEP — Censo Escolar / Sinopse Estatística; painel educacional municipal já exportado,censo,/data/educacao/municipios/{id}.json#blocos.matriculas.detalhamentos.por_etapa_cor_raca,"ano, etapa_ensino, cor_raca, matriculas",2014–2025,matrículas,matrículas por etapa e raça/cor declarada,indisponível: população residente da mesma idade e raça/cor,497/497,497,0; mínimo positivo 1; 93416 células com zero explícito,null permanece ausente; grupos ausentes não são convertidos em zero; zeros explícitos são preservados como publicados pela fonte,incompatível como taxa principal; há apenas o numerador escolar e categoria não declarada deve permanecer explícita,somente distribuição de matrículas,não recomendado sem denominador compatível e limiar de célula,"agregado municipal, sem identificador individual; células pequenas e muitos zeros exigem supressão e aviso de instabilidade",contexto,auditoria de completude da declaração e composição das matrículas,not_recommended
pre_escola,População de 4 a 5 anos que frequenta a escola/creche,urbano_rural,INEP — Censo Escolar / Sinopse Estatística; painel educacional municipal já exportado,censo,/data/educacao/municipios/{id}.json#blocos.matriculas.detalhamentos.por_etapa_localizacao,"ano, etapa_ensino, localizacao, matriculas",2014–2025,matrículas,matrículas por etapa e localização da escola,indisponível: população residente por faixa etária e localização,497/497,497,0; mínimo positivo 1; 23267 células com zero explícito,null permanece ausente; grupos ausentes não são convertidos em zero; zeros explícitos são preservados como publicados pela fonte,incompatível como taxa principal: localização da escola não substitui localização de residência e falta o denominador populacional equivalente,"somente contagem de matrículas, não taxa comparável",não recomendado sem denominador residente urbano/rural,"agregado municipal, sem identificador individual; células pequenas e muitos zeros exigem supressão e aviso de instabilidade",contexto,contexto de oferta; não calcular lacuna ou cobertura,not_recommended
pre_escola,População de 4 a 5 anos que frequenta a escola/creche,raca_cor,INEP — Censo Escolar / Sinopse Estatística; painel educacional municipal já exportado,censo,/data/educacao/municipios/{id}.json#blocos.matriculas.detalhamentos.por_etapa_cor_raca,"ano, etapa_ensino, cor_raca, matriculas",2014–2025,matrículas,matrículas por etapa e raça/cor declarada,indisponível: população residente da mesma idade e raça/cor,497/497,497,0; mínimo positivo 1; 93416 células com zero explícito,null permanece ausente; grupos ausentes não são convertidos em zero; zeros explícitos são preservados como publicados pela fonte,incompatível como taxa principal; há apenas o numerador escolar e categoria não declarada deve permanecer explícita,somente distribuição de matrículas,não recomendado sem denominador compatível e limiar de célula,"agregado municipal, sem identificador individual; células pequenas e muitos zeros exigem supressão e aviso de instabilidade",contexto,auditoria de completude da declaração e composição das matrículas,not_recommended
escolas_integral,Escolas públicas com alunos em jornada de tempo integral,dependencia_administrativa,INEP — Censo Escolar; contrato diagnóstico P3-C,censo_escolas; escolas_integral_por_dependencia.sql,/data/municipios/{id}/diagnostico.json#indicators[].municipalExposure,"ano, dependencia, escolas_publicas_com_integral, escolas_publicas_total",2025–2025,percentual,escolas públicas com pelo menos 25% das matrículas em tempo integral,escolas públicas com matrícula básica e dado de integral,484/497,484,1; mínimo positivo 1; 0 células com zero explícito,null permanece ausente; grupos ausentes não são convertidos em zero; zeros explícitos são preservados como publicados pela fonte,compatível por dependência pública; o agregado pública não deve ser somado novamente aos componentes,calculável por soma dos componentes,"calculável com mesma regra de 25%, ano e dependência","agregado municipal, sem identificador individual; alta instabilidade e possível exposição de escola única quando a célula é pequena",governabilidade,decomposição por rede com limiar mínimo de escolas,eligible_after_cell_threshold
internet,Escolas da educação básica com acesso à internet,dependencia_administrativa,INEP — Censo Escolar / Sinopse Estatística; painel educacional municipal já exportado,censo; infraestrutura_escolar_por_dependencia.sql / agregação por localização,/data/educacao/municipios/{id}.json#blocos.rede_escolar.infraestrutura.por_rede,"ano, dependencia, escolas, perc_internet",2014–2025,percentual,escolas com a característica; não publicado no JSON segmentado,escolas no grupo,497/497,497,1; mínimo positivo 1; 0 células com zero explícito,null permanece ausente; grupos ausentes não são convertidos em zero; zeros explícitos são preservados como publicados pela fonte,compatível em definição; o percentual publicado é arredondado e deve ser recalculado com contagens brutas para benchmark,não agregar percentuais arredondados; recalcular nas tabelas de origem com numerador e denominador,"possível após materializar contagens brutas, mesmo ano e recorte","agregado municipal, sem identificador individual; alta instabilidade e possível exposição de escola única quando a célula é pequena",investigação,"exploração descritiva; sem ação, ranking ou comparação até aplicar contagens brutas e limiar",not_recommended
internet,Escolas da educação básica com acesso à internet,urbano_rural,INEP — Censo Escolar / Sinopse Estatística; painel educacional municipal já exportado,censo; infraestrutura_escolar_por_dependencia.sql / agregação por localização,/data/educacao/municipios/{id}.json#blocos.rede_escolar.infraestrutura.por_localizacao,"ano, localizacao, escolas, perc_internet",2014–2025,percentual,escolas com a característica; não publicado no JSON segmentado,escolas no grupo,497/497,497,1; mínimo positivo 1; 0 células com zero explícito,null permanece ausente; grupos ausentes não são convertidos em zero; zeros explícitos são preservados como publicados pela fonte,compatível em definição; o percentual publicado é arredondado e deve ser recalculado com contagens brutas para benchmark,não agregar percentuais arredondados; recalcular nas tabelas de origem com numerador e denominador,"possível após materializar contagens brutas, mesmo ano e recorte","agregado municipal, sem identificador individual; alta instabilidade e possível exposição de escola única quando a célula é pequena",investigação,"exploração descritiva; sem ação, ranking ou comparação até aplicar contagens brutas e limiar",not_recommended
internet_alunos,Escolas com internet disponível para os alunos,dependencia_administrativa,INEP — Censo Escolar / Sinopse Estatística; painel educacional municipal já exportado,censo; infraestrutura_escolar_por_dependencia.sql / agregação por localização,/data/educacao/municipios/{id}.json#blocos.rede_escolar.infraestrutura.por_rede,"ano, dependencia, escolas, perc_internet_alunos",2014–2025,percentual,escolas com a característica; não publicado no JSON segmentado,escolas no grupo,497/497,497,1; mínimo positivo 1; 0 células com zero explícito,null permanece ausente; grupos ausentes não são convertidos em zero; zeros explícitos são preservados como publicados pela fonte,compatível em definição; o percentual publicado é arredondado e deve ser recalculado com contagens brutas para benchmark,não agregar percentuais arredondados; recalcular nas tabelas de origem com numerador e denominador,"possível após materializar contagens brutas, mesmo ano e recorte","agregado municipal, sem identificador individual; alta instabilidade e possível exposição de escola única quando a célula é pequena",investigação,"exploração descritiva; sem ação, ranking ou comparação até aplicar contagens brutas e limiar",not_recommended
internet_alunos,Escolas com internet disponível para os alunos,urbano_rural,INEP — Censo Escolar / Sinopse Estatística; painel educacional municipal já exportado,censo; infraestrutura_escolar_por_dependencia.sql / agregação por localização,/data/educacao/municipios/{id}.json#blocos.rede_escolar.infraestrutura.por_localizacao,"ano, localizacao, escolas, perc_internet_alunos",2014–2025,percentual,escolas com a característica; não publicado no JSON segmentado,escolas no grupo,497/497,497,1; mínimo positivo 1; 0 células com zero explícito,null permanece ausente; grupos ausentes não são convertidos em zero; zeros explícitos são preservados como publicados pela fonte,compatível em definição; o percentual publicado é arredondado e deve ser recalculado com contagens brutas para benchmark,não agregar percentuais arredondados; recalcular nas tabelas de origem com numerador e denominador,"possível após materializar contagens brutas, mesmo ano e recorte","agregado municipal, sem identificador individual; alta instabilidade e possível exposição de escola única quando a célula é pequena",investigação,"exploração descritiva; sem ação, ranking ou comparação até aplicar contagens brutas e limiar",not_recommended
internet_aprendizagem,Escolas com internet usada na aprendizagem,dependencia_administrativa,INEP — Censo Escolar / Sinopse Estatística; painel educacional municipal já exportado,censo; infraestrutura_escolar_por_dependencia.sql / agregação por localização,/data/educacao/municipios/{id}.json#blocos.rede_escolar.infraestrutura.por_rede,"ano, dependencia, escolas, perc_internet_aprendizagem",2014–2025,percentual,escolas com a característica; não publicado no JSON segmentado,escolas no grupo,497/497,497,1; mínimo positivo 1; 0 células com zero explícito,null permanece ausente; grupos ausentes não são convertidos em zero; zeros explícitos são preservados como publicados pela fonte,compatível em definição; o percentual publicado é arredondado e deve ser recalculado com contagens brutas para benchmark,não agregar percentuais arredondados; recalcular nas tabelas de origem com numerador e denominador,"possível após materializar contagens brutas, mesmo ano e recorte","agregado municipal, sem identificador individual; alta instabilidade e possível exposição de escola única quando a célula é pequena",investigação,"exploração descritiva; sem ação, ranking ou comparação até aplicar contagens brutas e limiar",not_recommended
internet_aprendizagem,Escolas com internet usada na aprendizagem,urbano_rural,INEP — Censo Escolar / Sinopse Estatística; painel educacional municipal já exportado,censo; infraestrutura_escolar_por_dependencia.sql / agregação por localização,/data/educacao/municipios/{id}.json#blocos.rede_escolar.infraestrutura.por_localizacao,"ano, localizacao, escolas, perc_internet_aprendizagem",2014–2025,percentual,escolas com a característica; não publicado no JSON segmentado,escolas no grupo,497/497,497,1; mínimo positivo 1; 0 células com zero explícito,null permanece ausente; grupos ausentes não são convertidos em zero; zeros explícitos são preservados como publicados pela fonte,compatível em definição; o percentual publicado é arredondado e deve ser recalculado com contagens brutas para benchmark,não agregar percentuais arredondados; recalcular nas tabelas de origem com numerador e denominador,"possível após materializar contagens brutas, mesmo ano e recorte","agregado municipal, sem identificador individual; alta instabilidade e possível exposição de escola única quando a célula é pequena",investigação,"exploração descritiva; sem ação, ranking ou comparação até aplicar contagens brutas e limiar",not_recommended
internet_comunidade,Escolas com internet aberta à comunidade,dependencia_administrativa,INEP — Censo Escolar / Sinopse Estatística; painel educacional municipal já exportado,censo; infraestrutura_escolar_por_dependencia.sql / agregação por localização,/data/educacao/municipios/{id}.json#blocos.rede_escolar.infraestrutura.por_rede,"ano, dependencia, escolas, perc_internet_comunidade",2014–2025,percentual,escolas com a característica; não publicado no JSON segmentado,escolas no grupo,497/497,497,1; mínimo positivo 1; 0 células com zero explícito,null permanece ausente; grupos ausentes não são convertidos em zero; zeros explícitos são preservados como publicados pela fonte,compatível em definição; o percentual publicado é arredondado e deve ser recalculado com contagens brutas para benchmark,não agregar percentuais arredondados; recalcular nas tabelas de origem com numerador e denominador,"possível após materializar contagens brutas, mesmo ano e recorte","agregado municipal, sem identificador individual; alta instabilidade e possível exposição de escola única quando a célula é pequena",investigação,"exploração descritiva; sem ação, ranking ou comparação até aplicar contagens brutas e limiar",not_recommended
internet_comunidade,Escolas com internet aberta à comunidade,urbano_rural,INEP — Censo Escolar / Sinopse Estatística; painel educacional municipal já exportado,censo; infraestrutura_escolar_por_dependencia.sql / agregação por localização,/data/educacao/municipios/{id}.json#blocos.rede_escolar.infraestrutura.por_localizacao,"ano, localizacao, escolas, perc_internet_comunidade",2014–2025,percentual,escolas com a característica; não publicado no JSON segmentado,escolas no grupo,497/497,497,1; mínimo positivo 1; 0 células com zero explícito,null permanece ausente; grupos ausentes não são convertidos em zero; zeros explícitos são preservados como publicados pela fonte,compatível em definição; o percentual publicado é arredondado e deve ser recalculado com contagens brutas para benchmark,não agregar percentuais arredondados; recalcular nas tabelas de origem com numerador e denominador,"possível após materializar contagens brutas, mesmo ano e recorte","agregado municipal, sem identificador individual; alta instabilidade e possível exposição de escola única quando a célula é pequena",investigação,"exploração descritiva; sem ação, ranking ou comparação até aplicar contagens brutas e limiar",not_recommended
acesso_internet_computador,Escolas com acesso dos alunos à internet por computador,dependencia_administrativa,INEP — Censo Escolar / Sinopse Estatística; painel educacional municipal já exportado,censo; infraestrutura_escolar_por_dependencia.sql / agregação por localização,/data/educacao/municipios/{id}.json#blocos.rede_escolar.infraestrutura.por_rede,"ano, dependencia, escolas, perc_acesso_internet_computador",2014–2025,percentual,escolas com a característica; não publicado no JSON segmentado,escolas no grupo,497/497,497,1; mínimo positivo 1; 0 células com zero explícito,null permanece ausente; grupos ausentes não são convertidos em zero; zeros explícitos são preservados como publicados pela fonte,compatível em definição; o percentual publicado é arredondado e deve ser recalculado com contagens brutas para benchmark,não agregar percentuais arredondados; recalcular nas tabelas de origem com numerador e denominador,"possível após materializar contagens brutas, mesmo ano e recorte","agregado municipal, sem identificador individual; alta instabilidade e possível exposição de escola única quando a célula é pequena",investigação,"exploração descritiva; sem ação, ranking ou comparação até aplicar contagens brutas e limiar",not_recommended
acesso_internet_computador,Escolas com acesso dos alunos à internet por computador,urbano_rural,INEP — Censo Escolar / Sinopse Estatística; painel educacional municipal já exportado,censo; infraestrutura_escolar_por_dependencia.sql / agregação por localização,/data/educacao/municipios/{id}.json#blocos.rede_escolar.infraestrutura.por_localizacao,"ano, localizacao, escolas, perc_acesso_internet_computador",2014–2025,percentual,escolas com a característica; não publicado no JSON segmentado,escolas no grupo,497/497,497,1; mínimo positivo 1; 0 células com zero explícito,null permanece ausente; grupos ausentes não são convertidos em zero; zeros explícitos são preservados como publicados pela fonte,compatível em definição; o percentual publicado é arredondado e deve ser recalculado com contagens brutas para benchmark,não agregar percentuais arredondados; recalcular nas tabelas de origem com numerador e denominador,"possível após materializar contagens brutas, mesmo ano e recorte","agregado municipal, sem identificador individual; alta instabilidade e possível exposição de escola única quando a célula é pequena",investigação,"exploração descritiva; sem ação, ranking ou comparação até aplicar contagens brutas e limiar",not_recommended
acesso_internet_disp_pessoais,Escolas com acesso dos alunos à internet por dispositivos pessoais,dependencia_administrativa,INEP — Censo Escolar / Sinopse Estatística; painel educacional municipal já exportado,censo; infraestrutura_escolar_por_dependencia.sql / agregação por localização,/data/educacao/municipios/{id}.json#blocos.rede_escolar.infraestrutura.por_rede,"ano, dependencia, escolas, perc_acesso_internet_disp_pessoais",2014–2025,percentual,escolas com a característica; não publicado no JSON segmentado,escolas no grupo,497/497,497,1; mínimo positivo 1; 0 células com zero explícito,null permanece ausente; grupos ausentes não são convertidos em zero; zeros explícitos são preservados como publicados pela fonte,compatível em definição; o percentual publicado é arredondado e deve ser recalculado com contagens brutas para benchmark,não agregar percentuais arredondados; recalcular nas tabelas de origem com numerador e denominador,"possível após materializar contagens brutas, mesmo ano e recorte","agregado municipal, sem identificador individual; alta instabilidade e possível exposição de escola única quando a célula é pequena",investigação,"exploração descritiva; sem ação, ranking ou comparação até aplicar contagens brutas e limiar",not_recommended
acesso_internet_disp_pessoais,Escolas com acesso dos alunos à internet por dispositivos pessoais,urbano_rural,INEP — Censo Escolar / Sinopse Estatística; painel educacional municipal já exportado,censo; infraestrutura_escolar_por_dependencia.sql / agregação por localização,/data/educacao/municipios/{id}.json#blocos.rede_escolar.infraestrutura.por_localizacao,"ano, localizacao, escolas, perc_acesso_internet_disp_pessoais",2014–2025,percentual,escolas com a característica; não publicado no JSON segmentado,escolas no grupo,497/497,497,1; mínimo positivo 1; 0 células com zero explícito,null permanece ausente; grupos ausentes não são convertidos em zero; zeros explícitos são preservados como publicados pela fonte,compatível em definição; o percentual publicado é arredondado e deve ser recalculado com contagens brutas para benchmark,não agregar percentuais arredondados; recalcular nas tabelas de origem com numerador e denominador,"possível após materializar contagens brutas, mesmo ano e recorte","agregado municipal, sem identificador individual; alta instabilidade e possível exposição de escola única quando a célula é pequena",investigação,"exploração descritiva; sem ação, ranking ou comparação até aplicar contagens brutas e limiar",not_recommended
rede_local,Escolas com rede local de computadores,dependencia_administrativa,INEP — Censo Escolar / Sinopse Estatística; painel educacional municipal já exportado,censo; infraestrutura_escolar_por_dependencia.sql / agregação por localização,/data/educacao/municipios/{id}.json#blocos.rede_escolar.infraestrutura.por_rede,"ano, dependencia, escolas, perc_rede_local",2014–2025,percentual,escolas com a característica; não publicado no JSON segmentado,escolas no grupo,497/497,497,1; mínimo positivo 1; 0 células com zero explícito,null permanece ausente; grupos ausentes não são convertidos em zero; zeros explícitos são preservados como publicados pela fonte,compatível em definição; o percentual publicado é arredondado e deve ser recalculado com contagens brutas para benchmark,não agregar percentuais arredondados; recalcular nas tabelas de origem com numerador e denominador,"possível após materializar contagens brutas, mesmo ano e recorte","agregado municipal, sem identificador individual; alta instabilidade e possível exposição de escola única quando a célula é pequena",investigação,"exploração descritiva; sem ação, ranking ou comparação até aplicar contagens brutas e limiar",not_recommended
rede_local,Escolas com rede local de computadores,urbano_rural,INEP — Censo Escolar / Sinopse Estatística; painel educacional municipal já exportado,censo; infraestrutura_escolar_por_dependencia.sql / agregação por localização,/data/educacao/municipios/{id}.json#blocos.rede_escolar.infraestrutura.por_localizacao,"ano, localizacao, escolas, perc_rede_local",2014–2025,percentual,escolas com a característica; não publicado no JSON segmentado,escolas no grupo,497/497,497,1; mínimo positivo 1; 0 células com zero explícito,null permanece ausente; grupos ausentes não são convertidos em zero; zeros explícitos são preservados como publicados pela fonte,compatível em definição; o percentual publicado é arredondado e deve ser recalculado com contagens brutas para benchmark,não agregar percentuais arredondados; recalcular nas tabelas de origem com numerador e denominador,"possível após materializar contagens brutas, mesmo ano e recorte","agregado municipal, sem identificador individual; alta instabilidade e possível exposição de escola única quando a célula é pequena",investigação,"exploração descritiva; sem ação, ranking ou comparação até aplicar contagens brutas e limiar",not_recommended
rede_wireless,Escolas com rede local sem fio,dependencia_administrativa,INEP — Censo Escolar / Sinopse Estatística; painel educacional municipal já exportado,censo; infraestrutura_escolar_por_dependencia.sql / agregação por localização,/data/educacao/municipios/{id}.json#blocos.rede_escolar.infraestrutura.por_rede,"ano, dependencia, escolas, perc_rede_wireless",2014–2025,percentual,escolas com a característica; não publicado no JSON segmentado,escolas no grupo,497/497,497,1; mínimo positivo 1; 0 células com zero explícito,null permanece ausente; grupos ausentes não são convertidos em zero; zeros explícitos são preservados como publicados pela fonte,compatível em definição; o percentual publicado é arredondado e deve ser recalculado com contagens brutas para benchmark,não agregar percentuais arredondados; recalcular nas tabelas de origem com numerador e denominador,"possível após materializar contagens brutas, mesmo ano e recorte","agregado municipal, sem identificador individual; alta instabilidade e possível exposição de escola única quando a célula é pequena",investigação,"exploração descritiva; sem ação, ranking ou comparação até aplicar contagens brutas e limiar",not_recommended
rede_wireless,Escolas com rede local sem fio,urbano_rural,INEP — Censo Escolar / Sinopse Estatística; painel educacional municipal já exportado,censo; infraestrutura_escolar_por_dependencia.sql / agregação por localização,/data/educacao/municipios/{id}.json#blocos.rede_escolar.infraestrutura.por_localizacao,"ano, localizacao, escolas, perc_rede_wireless",2014–2025,percentual,escolas com a característica; não publicado no JSON segmentado,escolas no grupo,497/497,497,1; mínimo positivo 1; 0 células com zero explícito,null permanece ausente; grupos ausentes não são convertidos em zero; zeros explícitos são preservados como publicados pela fonte,compatível em definição; o percentual publicado é arredondado e deve ser recalculado com contagens brutas para benchmark,não agregar percentuais arredondados; recalcular nas tabelas de origem com numerador e denominador,"possível após materializar contagens brutas, mesmo ano e recorte","agregado municipal, sem identificador individual; alta instabilidade e possível exposição de escola única quando a célula é pequena",investigação,"exploração descritiva; sem ação, ranking ou comparação até aplicar contagens brutas e limiar",not_recommended
banda_larga,Escolas com internet banda larga,dependencia_administrativa,INEP — Censo Escolar / Sinopse Estatística; painel educacional municipal já exportado,censo; infraestrutura_escolar_por_dependencia.sql / agregação por localização,/data/educacao/municipios/{id}.json#blocos.rede_escolar.infraestrutura.por_rede,"ano, dependencia, escolas, perc_banda_larga",2014–2025,percentual,escolas com a característica; não publicado no JSON segmentado,escolas no grupo,497/497,497,1; mínimo positivo 1; 0 células com zero explícito,null permanece ausente; grupos ausentes não são convertidos em zero; zeros explícitos são preservados como publicados pela fonte,compatível em definição; o percentual publicado é arredondado e deve ser recalculado com contagens brutas para benchmark,não agregar percentuais arredondados; recalcular nas tabelas de origem com numerador e denominador,"possível após materializar contagens brutas, mesmo ano e recorte","agregado municipal, sem identificador individual; alta instabilidade e possível exposição de escola única quando a célula é pequena",investigação,"exploração descritiva; sem ação, ranking ou comparação até aplicar contagens brutas e limiar",not_recommended
banda_larga,Escolas com internet banda larga,urbano_rural,INEP — Censo Escolar / Sinopse Estatística; painel educacional municipal já exportado,censo; infraestrutura_escolar_por_dependencia.sql / agregação por localização,/data/educacao/municipios/{id}.json#blocos.rede_escolar.infraestrutura.por_localizacao,"ano, localizacao, escolas, perc_banda_larga",2014–2025,percentual,escolas com a característica; não publicado no JSON segmentado,escolas no grupo,497/497,497,1; mínimo positivo 1; 0 células com zero explícito,null permanece ausente; grupos ausentes não são convertidos em zero; zeros explícitos são preservados como publicados pela fonte,compatível em definição; o percentual publicado é arredondado e deve ser recalculado com contagens brutas para benchmark,não agregar percentuais arredondados; recalcular nas tabelas de origem com numerador e denominador,"possível após materializar contagens brutas, mesmo ano e recorte","agregado municipal, sem identificador individual; alta instabilidade e possível exposição de escola única quando a célula é pequena",investigação,"exploração descritiva; sem ação, ranking ou comparação até aplicar contagens brutas e limiar",not_recommended
desktop_aluno,Escolas com computadores de mesa para alunos,dependencia_administrativa,INEP — Censo Escolar / Sinopse Estatística; painel educacional municipal já exportado,censo; infraestrutura_escolar_por_dependencia.sql / agregação por localização,/data/educacao/municipios/{id}.json#blocos.rede_escolar.infraestrutura.por_rede,"ano, dependencia, escolas, perc_desktop_aluno",2014–2025,percentual,escolas com a característica; não publicado no JSON segmentado,escolas no grupo,497/497,497,1; mínimo positivo 1; 0 células com zero explícito,null permanece ausente; grupos ausentes não são convertidos em zero; zeros explícitos são preservados como publicados pela fonte,compatível em definição; o percentual publicado é arredondado e deve ser recalculado com contagens brutas para benchmark,não agregar percentuais arredondados; recalcular nas tabelas de origem com numerador e denominador,"possível após materializar contagens brutas, mesmo ano e recorte","agregado municipal, sem identificador individual; alta instabilidade e possível exposição de escola única quando a célula é pequena",investigação,"exploração descritiva; sem ação, ranking ou comparação até aplicar contagens brutas e limiar",not_recommended
desktop_aluno,Escolas com computadores de mesa para alunos,urbano_rural,INEP — Censo Escolar / Sinopse Estatística; painel educacional municipal já exportado,censo; infraestrutura_escolar_por_dependencia.sql / agregação por localização,/data/educacao/municipios/{id}.json#blocos.rede_escolar.infraestrutura.por_localizacao,"ano, localizacao, escolas, perc_desktop_aluno",2014–2025,percentual,escolas com a característica; não publicado no JSON segmentado,escolas no grupo,497/497,497,1; mínimo positivo 1; 0 células com zero explícito,null permanece ausente; grupos ausentes não são convertidos em zero; zeros explícitos são preservados como publicados pela fonte,compatível em definição; o percentual publicado é arredondado e deve ser recalculado com contagens brutas para benchmark,não agregar percentuais arredondados; recalcular nas tabelas de origem com numerador e denominador,"possível após materializar contagens brutas, mesmo ano e recorte","agregado municipal, sem identificador individual; alta instabilidade e possível exposição de escola única quando a célula é pequena",investigação,"exploração descritiva; sem ação, ranking ou comparação até aplicar contagens brutas e limiar",not_recommended
comp_portatil_aluno,Escolas com computadores portáteis para alunos,dependencia_administrativa,INEP — Censo Escolar / Sinopse Estatística; painel educacional municipal já exportado,censo; infraestrutura_escolar_por_dependencia.sql / agregação por localização,/data/educacao/municipios/{id}.json#blocos.rede_escolar.infraestrutura.por_rede,"ano, dependencia, escolas, perc_comp_portatil_aluno",2014–2025,percentual,escolas com a característica; não publicado no JSON segmentado,escolas no grupo,497/497,497,1; mínimo positivo 1; 0 células com zero explícito,null permanece ausente; grupos ausentes não são convertidos em zero; zeros explícitos são preservados como publicados pela fonte,compatível em definição; o percentual publicado é arredondado e deve ser recalculado com contagens brutas para benchmark,não agregar percentuais arredondados; recalcular nas tabelas de origem com numerador e denominador,"possível após materializar contagens brutas, mesmo ano e recorte","agregado municipal, sem identificador individual; alta instabilidade e possível exposição de escola única quando a célula é pequena",investigação,"exploração descritiva; sem ação, ranking ou comparação até aplicar contagens brutas e limiar",not_recommended
comp_portatil_aluno,Escolas com computadores portáteis para alunos,urbano_rural,INEP — Censo Escolar / Sinopse Estatística; painel educacional municipal já exportado,censo; infraestrutura_escolar_por_dependencia.sql / agregação por localização,/data/educacao/municipios/{id}.json#blocos.rede_escolar.infraestrutura.por_localizacao,"ano, localizacao, escolas, perc_comp_portatil_aluno",2014–2025,percentual,escolas com a característica; não publicado no JSON segmentado,escolas no grupo,497/497,497,1; mínimo positivo 1; 0 células com zero explícito,null permanece ausente; grupos ausentes não são convertidos em zero; zeros explícitos são preservados como publicados pela fonte,compatível em definição; o percentual publicado é arredondado e deve ser recalculado com contagens brutas para benchmark,não agregar percentuais arredondados; recalcular nas tabelas de origem com numerador e denominador,"possível após materializar contagens brutas, mesmo ano e recorte","agregado municipal, sem identificador individual; alta instabilidade e possível exposição de escola única quando a célula é pequena",investigação,"exploração descritiva; sem ação, ranking ou comparação até aplicar contagens brutas e limiar",not_recommended
tablet_aluno,Escolas com tablets para alunos,dependencia_administrativa,INEP — Censo Escolar / Sinopse Estatística; painel educacional municipal já exportado,censo; infraestrutura_escolar_por_dependencia.sql / agregação por localização,/data/educacao/municipios/{id}.json#blocos.rede_escolar.infraestrutura.por_rede,"ano, dependencia, escolas, perc_tablet_aluno",2014–2025,percentual,escolas com a característica; não publicado no JSON segmentado,escolas no grupo,497/497,497,1; mínimo positivo 1; 0 células com zero explícito,null permanece ausente; grupos ausentes não são convertidos em zero; zeros explícitos são preservados como publicados pela fonte,compatível em definição; o percentual publicado é arredondado e deve ser recalculado com contagens brutas para benchmark,não agregar percentuais arredondados; recalcular nas tabelas de origem com numerador e denominador,"possível após materializar contagens brutas, mesmo ano e recorte","agregado municipal, sem identificador individual; alta instabilidade e possível exposição de escola única quando a célula é pequena",investigação,"exploração descritiva; sem ação, ranking ou comparação até aplicar contagens brutas e limiar",not_recommended
tablet_aluno,Escolas com tablets para alunos,urbano_rural,INEP — Censo Escolar / Sinopse Estatística; painel educacional municipal já exportado,censo; infraestrutura_escolar_por_dependencia.sql / agregação por localização,/data/educacao/municipios/{id}.json#blocos.rede_escolar.infraestrutura.por_localizacao,"ano, localizacao, escolas, perc_tablet_aluno",2014–2025,percentual,escolas com a característica; não publicado no JSON segmentado,escolas no grupo,497/497,497,1; mínimo positivo 1; 0 células com zero explícito,null permanece ausente; grupos ausentes não são convertidos em zero; zeros explícitos são preservados como publicados pela fonte,compatível em definição; o percentual publicado é arredondado e deve ser recalculado com contagens brutas para benchmark,não agregar percentuais arredondados; recalcular nas tabelas de origem com numerador e denominador,"possível após materializar contagens brutas, mesmo ano e recorte","agregado municipal, sem identificador individual; alta instabilidade e possível exposição de escola única quando a célula é pequena",investigação,"exploração descritiva; sem ação, ranking ou comparação até aplicar contagens brutas e limiar",not_recommended
salas_climatizadas,Salas de aula climatizadas,dependencia_administrativa,INEP — Censo Escolar / Sinopse Estatística; painel educacional municipal já exportado,censo; infraestrutura_escolar_por_dependencia.sql / agregação por localização,/data/educacao/municipios/{id}.json#blocos.rede_escolar.infraestrutura.por_rede,"ano, dependencia, escolas, perc_salas_climatizadas",2014–2025,percentual,salas utilizadas com a característica; não publicado no JSON segmentado,salas utilizadas; não publicado no JSON segmentado,497/497,497,1; mínimo positivo 1; 0 células com zero explícito,null permanece ausente; grupos ausentes não são convertidos em zero; zeros explícitos são preservados como publicados pela fonte,"parcial: percentual disponível, mas o denominador de salas e o numerador bruto não estão no artefato segmentado",não agregar percentuais arredondados; recalcular nas tabelas de origem com numerador e denominador,"possível após materializar contagens brutas, mesmo ano e recorte","agregado municipal, sem identificador individual; alta instabilidade e possível exposição de escola única quando a célula é pequena",investigação,"exploração descritiva; sem ação, ranking ou comparação até aplicar contagens brutas e limiar",not_recommended
salas_climatizadas,Salas de aula climatizadas,urbano_rural,INEP — Censo Escolar / Sinopse Estatística; painel educacional municipal já exportado,censo; infraestrutura_escolar_por_dependencia.sql / agregação por localização,/data/educacao/municipios/{id}.json#blocos.rede_escolar.infraestrutura.por_localizacao,"ano, localizacao, escolas, perc_salas_climatizadas",2014–2025,percentual,salas utilizadas com a característica; não publicado no JSON segmentado,salas utilizadas; não publicado no JSON segmentado,497/497,497,1; mínimo positivo 1; 0 células com zero explícito,null permanece ausente; grupos ausentes não são convertidos em zero; zeros explícitos são preservados como publicados pela fonte,"parcial: percentual disponível, mas o denominador de salas e o numerador bruto não estão no artefato segmentado",não agregar percentuais arredondados; recalcular nas tabelas de origem com numerador e denominador,"possível após materializar contagens brutas, mesmo ano e recorte","agregado municipal, sem identificador individual; alta instabilidade e possível exposição de escola única quando a célula é pequena",investigação,"exploração descritiva; sem ação, ranking ou comparação até aplicar contagens brutas e limiar",not_recommended
salas_acessiveis,Salas de aula com acessibilidade,dependencia_administrativa,INEP — Censo Escolar / Sinopse Estatística; painel educacional municipal já exportado,censo; infraestrutura_escolar_por_dependencia.sql / agregação por localização,/data/educacao/municipios/{id}.json#blocos.rede_escolar.infraestrutura.por_rede,"ano, dependencia, escolas, perc_salas_acessiveis",2014–2025,percentual,salas utilizadas com a característica; não publicado no JSON segmentado,salas utilizadas; não publicado no JSON segmentado,497/497,497,1; mínimo positivo 1; 0 células com zero explícito,null permanece ausente; grupos ausentes não são convertidos em zero; zeros explícitos são preservados como publicados pela fonte,"parcial: percentual disponível, mas o denominador de salas e o numerador bruto não estão no artefato segmentado",não agregar percentuais arredondados; recalcular nas tabelas de origem com numerador e denominador,"possível após materializar contagens brutas, mesmo ano e recorte","agregado municipal, sem identificador individual; alta instabilidade e possível exposição de escola única quando a célula é pequena",investigação,"exploração descritiva; sem ação, ranking ou comparação até aplicar contagens brutas e limiar",not_recommended
salas_acessiveis,Salas de aula com acessibilidade,urbano_rural,INEP — Censo Escolar / Sinopse Estatística; painel educacional municipal já exportado,censo; infraestrutura_escolar_por_dependencia.sql / agregação por localização,/data/educacao/municipios/{id}.json#blocos.rede_escolar.infraestrutura.por_localizacao,"ano, localizacao, escolas, perc_salas_acessiveis",2014–2025,percentual,salas utilizadas com a característica; não publicado no JSON segmentado,salas utilizadas; não publicado no JSON segmentado,497/497,497,1; mínimo positivo 1; 0 células com zero explícito,null permanece ausente; grupos ausentes não são convertidos em zero; zeros explícitos são preservados como publicados pela fonte,"parcial: percentual disponível, mas o denominador de salas e o numerador bruto não estão no artefato segmentado",não agregar percentuais arredondados; recalcular nas tabelas de origem com numerador e denominador,"possível após materializar contagens brutas, mesmo ano e recorte","agregado municipal, sem identificador individual; alta instabilidade e possível exposição de escola única quando a célula é pequena",investigação,"exploração descritiva; sem ação, ranking ou comparação até aplicar contagens brutas e limiar",not_recommended
saeb_matematica_anos_iniciais,Desempenho em Matemática - anos iniciais,dependencia_administrativa,INEP — SAEB; tabela local saeb_proficiencia,saeb_proficiencia; saeb_matematica.sql; saeb_proficiencia_niveis.sql,data_pipeline/queries/saeb_proficiencia_niveis.sql (o SQL atual força dependencia=total e localizacao=total),"ano, id_municipio, dependencia, localizacao, etapa_codigo, materia, nivel, valor",não aferido; PostgreSQL local indisponível,percentual de estudantes por nível,soma das parcelas no nível adequado ou superior,estudantes participantes do SAEB no mesmo recorte,não aferida,não aferido,não aferido,null permanece ausente; grupos ausentes não são convertidos em zero; zeros explícitos são preservados como publicados pela fonte,"potencialmente compatível, mas ainda não materializado: é necessário retirar o filtro total preservando os mesmos limiares e validar denominador e supressões do SAEB",não aferido; recalcular com microagregados oficiais e mesma regra,"não aferido; exigir mesmo ano, etapa, disciplina, dependência/localização e regra de divulgação",agregado municipal; risco alto de instabilidade/supressão em redes e localidades pequenas,investigação,não usar até validar cobertura oficial e regras de divulgação,not_recommended
saeb_matematica_anos_iniciais,Desempenho em Matemática - anos iniciais,urbano_rural,INEP — SAEB; tabela local saeb_proficiencia,saeb_proficiencia; saeb_matematica.sql; saeb_proficiencia_niveis.sql,data_pipeline/queries/saeb_proficiencia_niveis.sql (o SQL atual força dependencia=total e localizacao=total),"ano, id_municipio, dependencia, localizacao, etapa_codigo, materia, nivel, valor",não aferido; PostgreSQL local indisponível,percentual de estudantes por nível,soma das parcelas no nível adequado ou superior,estudantes participantes do SAEB no mesmo recorte,não aferida,não aferido,não aferido,null permanece ausente; grupos ausentes não são convertidos em zero; zeros explícitos são preservados como publicados pela fonte,"potencialmente compatível, mas ainda não materializado: é necessário retirar o filtro total preservando os mesmos limiares e validar denominador e supressões do SAEB",não aferido; recalcular com microagregados oficiais e mesma regra,"não aferido; exigir mesmo ano, etapa, disciplina, dependência/localização e regra de divulgação",agregado municipal; risco alto de instabilidade/supressão em redes e localidades pequenas,investigação,não usar até validar cobertura oficial e regras de divulgação,not_recommended
saeb_matematica_anos_iniciais,Desempenho em Matemática - anos iniciais,nivel_socioeconomico,INEP — INSE; painel educacional municipal já exportado,inse,/data/educacao/municipios/{id}.json#blocos.aprendizagem.series.inse,"ano, media_inse, qtd_alunos_inse",2019–2023,média INSE,não aplicável,qtd_alunos_inse apenas como cobertura do INSE,497/497,497,0; mínimo positivo 4; 46 células com zero explícito,null permanece ausente; grupos ausentes não são convertidos em zero; zeros explícitos são preservados como publicados pela fonte,"não é recorte do indicador: há uma média contextual de INSE, não resultados SAEB por grupos de NSE","média ponderada é possível como contexto, não como desigualdade","pode ajustar coorte futura, mas não comparar grupos de NSE","agregado municipal, sem identificador individual; células pequenas e muitos zeros exigem supressão e aviso de instabilidade",contexto,covariável contextual; vedado apresentar como desigualdade por NSE,not_recommended
saeb_matematica_anos_finais,Desempenho em Matemática - anos finais,dependencia_administrativa,INEP — SAEB; tabela local saeb_proficiencia,saeb_proficiencia; saeb_matematica.sql; saeb_proficiencia_niveis.sql,data_pipeline/queries/saeb_proficiencia_niveis.sql (o SQL atual força dependencia=total e localizacao=total),"ano, id_municipio, dependencia, localizacao, etapa_codigo, materia, nivel, valor",não aferido; PostgreSQL local indisponível,percentual de estudantes por nível,soma das parcelas no nível adequado ou superior,estudantes participantes do SAEB no mesmo recorte,não aferida,não aferido,não aferido,null permanece ausente; grupos ausentes não são convertidos em zero; zeros explícitos são preservados como publicados pela fonte,"potencialmente compatível, mas ainda não materializado: é necessário retirar o filtro total preservando os mesmos limiares e validar denominador e supressões do SAEB",não aferido; recalcular com microagregados oficiais e mesma regra,"não aferido; exigir mesmo ano, etapa, disciplina, dependência/localização e regra de divulgação",agregado municipal; risco alto de instabilidade/supressão em redes e localidades pequenas,investigação,não usar até validar cobertura oficial e regras de divulgação,not_recommended
saeb_matematica_anos_finais,Desempenho em Matemática - anos finais,urbano_rural,INEP — SAEB; tabela local saeb_proficiencia,saeb_proficiencia; saeb_matematica.sql; saeb_proficiencia_niveis.sql,data_pipeline/queries/saeb_proficiencia_niveis.sql (o SQL atual força dependencia=total e localizacao=total),"ano, id_municipio, dependencia, localizacao, etapa_codigo, materia, nivel, valor",não aferido; PostgreSQL local indisponível,percentual de estudantes por nível,soma das parcelas no nível adequado ou superior,estudantes participantes do SAEB no mesmo recorte,não aferida,não aferido,não aferido,null permanece ausente; grupos ausentes não são convertidos em zero; zeros explícitos são preservados como publicados pela fonte,"potencialmente compatível, mas ainda não materializado: é necessário retirar o filtro total preservando os mesmos limiares e validar denominador e supressões do SAEB",não aferido; recalcular com microagregados oficiais e mesma regra,"não aferido; exigir mesmo ano, etapa, disciplina, dependência/localização e regra de divulgação",agregado municipal; risco alto de instabilidade/supressão em redes e localidades pequenas,investigação,não usar até validar cobertura oficial e regras de divulgação,not_recommended
saeb_matematica_anos_finais,Desempenho em Matemática - anos finais,nivel_socioeconomico,INEP — INSE; painel educacional municipal já exportado,inse,/data/educacao/municipios/{id}.json#blocos.aprendizagem.series.inse,"ano, media_inse, qtd_alunos_inse",2019–2023,média INSE,não aplicável,qtd_alunos_inse apenas como cobertura do INSE,497/497,497,0; mínimo positivo 4; 46 células com zero explícito,null permanece ausente; grupos ausentes não são convertidos em zero; zeros explícitos são preservados como publicados pela fonte,"não é recorte do indicador: há uma média contextual de INSE, não resultados SAEB por grupos de NSE","média ponderada é possível como contexto, não como desigualdade","pode ajustar coorte futura, mas não comparar grupos de NSE","agregado municipal, sem identificador individual; células pequenas e muitos zeros exigem supressão e aviso de instabilidade",contexto,covariável contextual; vedado apresentar como desigualdade por NSE,not_recommended
saeb_matematica_ensino_medio,Desempenho em Matemática - ensino médio,dependencia_administrativa,INEP — SAEB; tabela local saeb_proficiencia,saeb_proficiencia; saeb_matematica.sql; saeb_proficiencia_niveis.sql,data_pipeline/queries/saeb_proficiencia_niveis.sql (o SQL atual força dependencia=total e localizacao=total),"ano, id_municipio, dependencia, localizacao, etapa_codigo, materia, nivel, valor",não aferido; PostgreSQL local indisponível,percentual de estudantes por nível,soma das parcelas no nível adequado ou superior,estudantes participantes do SAEB no mesmo recorte,não aferida,não aferido,não aferido,null permanece ausente; grupos ausentes não são convertidos em zero; zeros explícitos são preservados como publicados pela fonte,"potencialmente compatível, mas ainda não materializado: é necessário retirar o filtro total preservando os mesmos limiares e validar denominador e supressões do SAEB",não aferido; recalcular com microagregados oficiais e mesma regra,"não aferido; exigir mesmo ano, etapa, disciplina, dependência/localização e regra de divulgação",agregado municipal; risco alto de instabilidade/supressão em redes e localidades pequenas,investigação,não usar até validar cobertura oficial e regras de divulgação,not_recommended
saeb_matematica_ensino_medio,Desempenho em Matemática - ensino médio,urbano_rural,INEP — SAEB; tabela local saeb_proficiencia,saeb_proficiencia; saeb_matematica.sql; saeb_proficiencia_niveis.sql,data_pipeline/queries/saeb_proficiencia_niveis.sql (o SQL atual força dependencia=total e localizacao=total),"ano, id_municipio, dependencia, localizacao, etapa_codigo, materia, nivel, valor",não aferido; PostgreSQL local indisponível,percentual de estudantes por nível,soma das parcelas no nível adequado ou superior,estudantes participantes do SAEB no mesmo recorte,não aferida,não aferido,não aferido,null permanece ausente; grupos ausentes não são convertidos em zero; zeros explícitos são preservados como publicados pela fonte,"potencialmente compatível, mas ainda não materializado: é necessário retirar o filtro total preservando os mesmos limiares e validar denominador e supressões do SAEB",não aferido; recalcular com microagregados oficiais e mesma regra,"não aferido; exigir mesmo ano, etapa, disciplina, dependência/localização e regra de divulgação",agregado municipal; risco alto de instabilidade/supressão em redes e localidades pequenas,investigação,não usar até validar cobertura oficial e regras de divulgação,not_recommended
saeb_matematica_ensino_medio,Desempenho em Matemática - ensino médio,nivel_socioeconomico,INEP — INSE; painel educacional municipal já exportado,inse,/data/educacao/municipios/{id}.json#blocos.aprendizagem.series.inse,"ano, media_inse, qtd_alunos_inse",2019–2023,média INSE,não aplicável,qtd_alunos_inse apenas como cobertura do INSE,497/497,497,0; mínimo positivo 4; 46 células com zero explícito,null permanece ausente; grupos ausentes não são convertidos em zero; zeros explícitos são preservados como publicados pela fonte,"não é recorte do indicador: há uma média contextual de INSE, não resultados SAEB por grupos de NSE","média ponderada é possível como contexto, não como desigualdade","pode ajustar coorte futura, mas não comparar grupos de NSE","agregado municipal, sem identificador individual; células pequenas e muitos zeros exigem supressão e aviso de instabilidade",contexto,covariável contextual; vedado apresentar como desigualdade por NSE,not_recommended
saeb_portugues_anos_iniciais,Desempenho em Português - anos iniciais,dependencia_administrativa,INEP — SAEB; tabela local saeb_proficiencia,saeb_proficiencia; saeb_matematica.sql; saeb_proficiencia_niveis.sql,data_pipeline/queries/saeb_proficiencia_niveis.sql (o SQL atual força dependencia=total e localizacao=total),"ano, id_municipio, dependencia, localizacao, etapa_codigo, materia, nivel, valor",não aferido; PostgreSQL local indisponível,percentual de estudantes por nível,soma das parcelas no nível adequado ou superior,estudantes participantes do SAEB no mesmo recorte,não aferida,não aferido,não aferido,null permanece ausente; grupos ausentes não são convertidos em zero; zeros explícitos são preservados como publicados pela fonte,"potencialmente compatível, mas ainda não materializado: é necessário retirar o filtro total preservando os mesmos limiares e validar denominador e supressões do SAEB",não aferido; recalcular com microagregados oficiais e mesma regra,"não aferido; exigir mesmo ano, etapa, disciplina, dependência/localização e regra de divulgação",agregado municipal; risco alto de instabilidade/supressão em redes e localidades pequenas,investigação,não usar até validar cobertura oficial e regras de divulgação,not_recommended
saeb_portugues_anos_iniciais,Desempenho em Português - anos iniciais,urbano_rural,INEP — SAEB; tabela local saeb_proficiencia,saeb_proficiencia; saeb_matematica.sql; saeb_proficiencia_niveis.sql,data_pipeline/queries/saeb_proficiencia_niveis.sql (o SQL atual força dependencia=total e localizacao=total),"ano, id_municipio, dependencia, localizacao, etapa_codigo, materia, nivel, valor",não aferido; PostgreSQL local indisponível,percentual de estudantes por nível,soma das parcelas no nível adequado ou superior,estudantes participantes do SAEB no mesmo recorte,não aferida,não aferido,não aferido,null permanece ausente; grupos ausentes não são convertidos em zero; zeros explícitos são preservados como publicados pela fonte,"potencialmente compatível, mas ainda não materializado: é necessário retirar o filtro total preservando os mesmos limiares e validar denominador e supressões do SAEB",não aferido; recalcular com microagregados oficiais e mesma regra,"não aferido; exigir mesmo ano, etapa, disciplina, dependência/localização e regra de divulgação",agregado municipal; risco alto de instabilidade/supressão em redes e localidades pequenas,investigação,não usar até validar cobertura oficial e regras de divulgação,not_recommended
saeb_portugues_anos_iniciais,Desempenho em Português - anos iniciais,nivel_socioeconomico,INEP — INSE; painel educacional municipal já exportado,inse,/data/educacao/municipios/{id}.json#blocos.aprendizagem.series.inse,"ano, media_inse, qtd_alunos_inse",2019–2023,média INSE,não aplicável,qtd_alunos_inse apenas como cobertura do INSE,497/497,497,0; mínimo positivo 4; 46 células com zero explícito,null permanece ausente; grupos ausentes não são convertidos em zero; zeros explícitos são preservados como publicados pela fonte,"não é recorte do indicador: há uma média contextual de INSE, não resultados SAEB por grupos de NSE","média ponderada é possível como contexto, não como desigualdade","pode ajustar coorte futura, mas não comparar grupos de NSE","agregado municipal, sem identificador individual; células pequenas e muitos zeros exigem supressão e aviso de instabilidade",contexto,covariável contextual; vedado apresentar como desigualdade por NSE,not_recommended
saeb_portugues_anos_finais,Desempenho em Português - anos finais,dependencia_administrativa,INEP — SAEB; tabela local saeb_proficiencia,saeb_proficiencia; saeb_matematica.sql; saeb_proficiencia_niveis.sql,data_pipeline/queries/saeb_proficiencia_niveis.sql (o SQL atual força dependencia=total e localizacao=total),"ano, id_municipio, dependencia, localizacao, etapa_codigo, materia, nivel, valor",não aferido; PostgreSQL local indisponível,percentual de estudantes por nível,soma das parcelas no nível adequado ou superior,estudantes participantes do SAEB no mesmo recorte,não aferida,não aferido,não aferido,null permanece ausente; grupos ausentes não são convertidos em zero; zeros explícitos são preservados como publicados pela fonte,"potencialmente compatível, mas ainda não materializado: é necessário retirar o filtro total preservando os mesmos limiares e validar denominador e supressões do SAEB",não aferido; recalcular com microagregados oficiais e mesma regra,"não aferido; exigir mesmo ano, etapa, disciplina, dependência/localização e regra de divulgação",agregado municipal; risco alto de instabilidade/supressão em redes e localidades pequenas,investigação,não usar até validar cobertura oficial e regras de divulgação,not_recommended
saeb_portugues_anos_finais,Desempenho em Português - anos finais,urbano_rural,INEP — SAEB; tabela local saeb_proficiencia,saeb_proficiencia; saeb_matematica.sql; saeb_proficiencia_niveis.sql,data_pipeline/queries/saeb_proficiencia_niveis.sql (o SQL atual força dependencia=total e localizacao=total),"ano, id_municipio, dependencia, localizacao, etapa_codigo, materia, nivel, valor",não aferido; PostgreSQL local indisponível,percentual de estudantes por nível,soma das parcelas no nível adequado ou superior,estudantes participantes do SAEB no mesmo recorte,não aferida,não aferido,não aferido,null permanece ausente; grupos ausentes não são convertidos em zero; zeros explícitos são preservados como publicados pela fonte,"potencialmente compatível, mas ainda não materializado: é necessário retirar o filtro total preservando os mesmos limiares e validar denominador e supressões do SAEB",não aferido; recalcular com microagregados oficiais e mesma regra,"não aferido; exigir mesmo ano, etapa, disciplina, dependência/localização e regra de divulgação",agregado municipal; risco alto de instabilidade/supressão em redes e localidades pequenas,investigação,não usar até validar cobertura oficial e regras de divulgação,not_recommended
saeb_portugues_anos_finais,Desempenho em Português - anos finais,nivel_socioeconomico,INEP — INSE; painel educacional municipal já exportado,inse,/data/educacao/municipios/{id}.json#blocos.aprendizagem.series.inse,"ano, media_inse, qtd_alunos_inse",2019–2023,média INSE,não aplicável,qtd_alunos_inse apenas como cobertura do INSE,497/497,497,0; mínimo positivo 4; 46 células com zero explícito,null permanece ausente; grupos ausentes não são convertidos em zero; zeros explícitos são preservados como publicados pela fonte,"não é recorte do indicador: há uma média contextual de INSE, não resultados SAEB por grupos de NSE","média ponderada é possível como contexto, não como desigualdade","pode ajustar coorte futura, mas não comparar grupos de NSE","agregado municipal, sem identificador individual; células pequenas e muitos zeros exigem supressão e aviso de instabilidade",contexto,covariável contextual; vedado apresentar como desigualdade por NSE,not_recommended
saeb_portugues_ensino_medio,Desempenho em Português - ensino médio,dependencia_administrativa,INEP — SAEB; tabela local saeb_proficiencia,saeb_proficiencia; saeb_matematica.sql; saeb_proficiencia_niveis.sql,data_pipeline/queries/saeb_proficiencia_niveis.sql (o SQL atual força dependencia=total e localizacao=total),"ano, id_municipio, dependencia, localizacao, etapa_codigo, materia, nivel, valor",não aferido; PostgreSQL local indisponível,percentual de estudantes por nível,soma das parcelas no nível adequado ou superior,estudantes participantes do SAEB no mesmo recorte,não aferida,não aferido,não aferido,null permanece ausente; grupos ausentes não são convertidos em zero; zeros explícitos são preservados como publicados pela fonte,"potencialmente compatível, mas ainda não materializado: é necessário retirar o filtro total preservando os mesmos limiares e validar denominador e supressões do SAEB",não aferido; recalcular com microagregados oficiais e mesma regra,"não aferido; exigir mesmo ano, etapa, disciplina, dependência/localização e regra de divulgação",agregado municipal; risco alto de instabilidade/supressão em redes e localidades pequenas,investigação,não usar até validar cobertura oficial e regras de divulgação,not_recommended
saeb_portugues_ensino_medio,Desempenho em Português - ensino médio,urbano_rural,INEP — SAEB; tabela local saeb_proficiencia,saeb_proficiencia; saeb_matematica.sql; saeb_proficiencia_niveis.sql,data_pipeline/queries/saeb_proficiencia_niveis.sql (o SQL atual força dependencia=total e localizacao=total),"ano, id_municipio, dependencia, localizacao, etapa_codigo, materia, nivel, valor",não aferido; PostgreSQL local indisponível,percentual de estudantes por nível,soma das parcelas no nível adequado ou superior,estudantes participantes do SAEB no mesmo recorte,não aferida,não aferido,não aferido,null permanece ausente; grupos ausentes não são convertidos em zero; zeros explícitos são preservados como publicados pela fonte,"potencialmente compatível, mas ainda não materializado: é necessário retirar o filtro total preservando os mesmos limiares e validar denominador e supressões do SAEB",não aferido; recalcular com microagregados oficiais e mesma regra,"não aferido; exigir mesmo ano, etapa, disciplina, dependência/localização e regra de divulgação",agregado municipal; risco alto de instabilidade/supressão em redes e localidades pequenas,investigação,não usar até validar cobertura oficial e regras de divulgação,not_recommended
saeb_portugues_ensino_medio,Desempenho em Português - ensino médio,nivel_socioeconomico,INEP — INSE; painel educacional municipal já exportado,inse,/data/educacao/municipios/{id}.json#blocos.aprendizagem.series.inse,"ano, media_inse, qtd_alunos_inse",2019–2023,média INSE,não aplicável,qtd_alunos_inse apenas como cobertura do INSE,497/497,497,0; mínimo positivo 4; 46 células com zero explícito,null permanece ausente; grupos ausentes não são convertidos em zero; zeros explícitos são preservados como publicados pela fonte,"não é recorte do indicador: há uma média contextual de INSE, não resultados SAEB por grupos de NSE","média ponderada é possível como contexto, não como desigualdade","pode ajustar coorte futura, mas não comparar grupos de NSE","agregado municipal, sem identificador individual; células pequenas e muitos zeros exigem supressão e aviso de instabilidade",contexto,covariável contextual; vedado apresentar como desigualdade por NSE,not_recommended
medio_concluido_18_29,População de 18 a 29 anos com ensino médio concluído,raca_cor,IBGE — Censo Demográfico 2022; tabela racial já consultada pelo pipeline,censo_populacao_escolaridade_media_18_29_racial,data_pipeline/queries/censo_populacao_escolaridade_media_18_29_racial.sql,"ano, id_municipio, escolaridade_media_negros_18_29, escolaridade_media_nao_negros_18_29, razao_percentual_escolaridade_negros_nao_negros_18_29",não aferido; PostgreSQL local indisponível,anos médios/razão percentual,escolaridade média de negros 18–29,escolaridade média de não negros 18–29,não aferida,não aferido,não aferido,null permanece ausente; grupos ausentes não são convertidos em zero; zeros explícitos são preservados como publicados pela fonte,"incompatível com o indicador principal, que mede conclusão do ensino médio; não usar como proxy da taxa de conclusão","fonte permite referência racial estadual, mas em outra métrica","possível apenas para a métrica de escolaridade média, não para conclusão",agregado censitário; cobertura e supressão municipal não aferidas com PostgreSQL indisponível,não utilizável,"evidência contextual separada, com rótulo de métrica distinto",not_recommended
medio_tecnico_articulado_percentual,Ensino médio articulado à educação profissional técnica,modalidade,INEP — Sinopse Estatística do Censo Escolar; painel educacional municipal já exportado,ept_nivel_medio; eja_integrada_educacao_profissional,/data/educacao/municipios/{id}.json#blocos.oferta_tecnica.detalhamentos.por_modalidade,"ano, modalidade, matriculas, perc_modalidade",2013–2025,matrículas/percentual dentro da oferta técnica,matrículas da modalidade ou dependência selecionada,total da oferta técnica no artefato; não necessariamente o denominador legal do indicador principal,497/497,497,0; mínimo positivo 1; 27044 células com zero explícito,null permanece ausente; grupos ausentes não são convertidos em zero; zeros explícitos são preservados como publicados pela fonte,"parcial ou incompatível: os componentes existem, mas o denominador do artefato difere em pelo menos parte dos indicadores; EJA exige universo elegível e técnico articulado exige ensino médio",somente após reconstruir numerador e denominador legal no mesmo ano,somente após fórmula e universo idênticos,"agregado municipal, sem identificador individual; células pequenas e muitos zeros exigem supressão e aviso de instabilidade",contexto,composição da oferta; não calcular distância à meta nem substituir o indicador principal,not_recommended
medio_tecnico_articulado_percentual,Ensino médio articulado à educação profissional técnica,dependencia_administrativa,INEP — Sinopse Estatística do Censo Escolar; painel educacional municipal já exportado,ept_nivel_medio; eja_integrada_educacao_profissional,/data/educacao/municipios/{id}.json#blocos.oferta_tecnica.detalhamentos.por_modalidade_rede,"ano, modalidade, dependencia, matriculas, perc_modalidade",2013–2025,matrículas/percentual dentro da oferta técnica,matrículas da modalidade ou dependência selecionada,total da oferta técnica no artefato; não necessariamente o denominador legal do indicador principal,497/497,497,0; mínimo positivo 1; 177365 células com zero explícito,null permanece ausente; grupos ausentes não são convertidos em zero; zeros explícitos são preservados como publicados pela fonte,"parcial ou incompatível: os componentes existem, mas o denominador do artefato difere em pelo menos parte dos indicadores; EJA exige universo elegível e técnico articulado exige ensino médio",somente após reconstruir numerador e denominador legal no mesmo ano,somente após fórmula e universo idênticos,"agregado municipal, sem identificador individual; células pequenas e muitos zeros exigem supressão e aviso de instabilidade",contexto,composição da oferta; não calcular distância à meta nem substituir o indicador principal,not_recommended
medio_tecnico_participacao_publica,Participação acumulada do segmento público na expansão da EPT de nível médio,modalidade,INEP — Sinopse Estatística do Censo Escolar; painel educacional municipal já exportado,ept_nivel_medio; eja_integrada_educacao_profissional,/data/educacao/municipios/{id}.json#blocos.oferta_tecnica.detalhamentos.por_modalidade,"ano, modalidade, matriculas, perc_modalidade",2013–2025,matrículas/percentual dentro da oferta técnica,matrículas da modalidade ou dependência selecionada,total da oferta técnica no artefato; não necessariamente o denominador legal do indicador principal,497/497,497,0; mínimo positivo 1; 27044 células com zero explícito,null permanece ausente; grupos ausentes não são convertidos em zero; zeros explícitos são preservados como publicados pela fonte,"parcial ou incompatível: os componentes existem, mas o denominador do artefato difere em pelo menos parte dos indicadores; EJA exige universo elegível e técnico articulado exige ensino médio",somente após reconstruir numerador e denominador legal no mesmo ano,somente após fórmula e universo idênticos,"agregado municipal, sem identificador individual; células pequenas e muitos zeros exigem supressão e aviso de instabilidade",contexto,composição da oferta; não calcular distância à meta nem substituir o indicador principal,not_recommended
medio_tecnico_participacao_publica,Participação acumulada do segmento público na expansão da EPT de nível médio,dependencia_administrativa,INEP — Sinopse Estatística do Censo Escolar; painel educacional municipal já exportado,ept_nivel_medio; eja_integrada_educacao_profissional,/data/educacao/municipios/{id}.json#blocos.oferta_tecnica.detalhamentos.por_modalidade_rede,"ano, modalidade, dependencia, matriculas, perc_modalidade",2013–2025,matrículas/percentual dentro da oferta técnica,matrículas da modalidade ou dependência selecionada,total da oferta técnica no artefato; não necessariamente o denominador legal do indicador principal,497/497,497,0; mínimo positivo 1; 177365 células com zero explícito,null permanece ausente; grupos ausentes não são convertidos em zero; zeros explícitos são preservados como publicados pela fonte,"parcial ou incompatível: os componentes existem, mas o denominador do artefato difere em pelo menos parte dos indicadores; EJA exige universo elegível e técnico articulado exige ensino médio",somente após reconstruir numerador e denominador legal no mesmo ano,somente após fórmula e universo idênticos,"agregado municipal, sem identificador individual; células pequenas e muitos zeros exigem supressão e aviso de instabilidade",contexto,composição da oferta; não calcular distância à meta nem substituir o indicador principal,not_recommended
subsequente_expansao,Expansão acumulada das matrículas em cursos técnicos subsequentes,modalidade,INEP — Sinopse Estatística do Censo Escolar; painel educacional municipal já exportado,ept_nivel_medio; eja_integrada_educacao_profissional,/data/educacao/municipios/{id}.json#blocos.oferta_tecnica.detalhamentos.por_modalidade,"ano, modalidade, matriculas, perc_modalidade",2013–2025,matrículas/percentual dentro da oferta técnica,matrículas da modalidade ou dependência selecionada,total da oferta técnica no artefato; não necessariamente o denominador legal do indicador principal,497/497,497,0; mínimo positivo 1; 27044 células com zero explícito,null permanece ausente; grupos ausentes não são convertidos em zero; zeros explícitos são preservados como publicados pela fonte,"parcial ou incompatível: os componentes existem, mas o denominador do artefato difere em pelo menos parte dos indicadores; EJA exige universo elegível e técnico articulado exige ensino médio",somente após reconstruir numerador e denominador legal no mesmo ano,somente após fórmula e universo idênticos,"agregado municipal, sem identificador individual; células pequenas e muitos zeros exigem supressão e aviso de instabilidade",contexto,composição da oferta; não calcular distância à meta nem substituir o indicador principal,not_recommended
subsequente_expansao,Expansão acumulada das matrículas em cursos técnicos subsequentes,dependencia_administrativa,INEP — Sinopse Estatística do Censo Escolar; painel educacional municipal já exportado,ept_nivel_medio; eja_integrada_educacao_profissional,/data/educacao/municipios/{id}.json#blocos.oferta_tecnica.detalhamentos.por_modalidade_rede,"ano, modalidade, dependencia, matriculas, perc_modalidade",2013–2025,matrículas/percentual dentro da oferta técnica,matrículas da modalidade ou dependência selecionada,total da oferta técnica no artefato; não necessariamente o denominador legal do indicador principal,497/497,497,0; mínimo positivo 1; 177365 células com zero explícito,null permanece ausente; grupos ausentes não são convertidos em zero; zeros explícitos são preservados como publicados pela fonte,"parcial ou incompatível: os componentes existem, mas o denominador do artefato difere em pelo menos parte dos indicadores; EJA exige universo elegível e técnico articulado exige ensino médio",somente após reconstruir numerador e denominador legal no mesmo ano,somente após fórmula e universo idênticos,"agregado municipal, sem identificador individual; células pequenas e muitos zeros exigem supressão e aviso de instabilidade",contexto,composição da oferta; não calcular distância à meta nem substituir o indicador principal,not_recommended
eja_integrada_educacao_profissional_percentual,Percentual das matrículas da EJA articuladas à educação profissional,modalidade,INEP — Sinopse Estatística do Censo Escolar; painel educacional municipal já exportado,ept_nivel_medio; eja_integrada_educacao_profissional,/data/educacao/municipios/{id}.json#blocos.oferta_tecnica.detalhamentos.por_modalidade,"ano, modalidade, matriculas, perc_modalidade",2013–2025,matrículas/percentual dentro da oferta técnica,matrículas da modalidade ou dependência selecionada,total da oferta técnica no artefato; não necessariamente o denominador legal do indicador principal,497/497,497,0; mínimo positivo 1; 27044 células com zero explícito,null permanece ausente; grupos ausentes não são convertidos em zero; zeros explícitos são preservados como publicados pela fonte,"parcial ou incompatível: os componentes existem, mas o denominador do artefato difere em pelo menos parte dos indicadores; EJA exige universo elegível e técnico articulado exige ensino médio",somente após reconstruir numerador e denominador legal no mesmo ano,somente após fórmula e universo idênticos,"agregado municipal, sem identificador individual; células pequenas e muitos zeros exigem supressão e aviso de instabilidade",contexto,composição da oferta; não calcular distância à meta nem substituir o indicador principal,not_recommended
eja_integrada_educacao_profissional_percentual,Percentual das matrículas da EJA articuladas à educação profissional,dependencia_administrativa,INEP — Sinopse Estatística do Censo Escolar; painel educacional municipal já exportado,ept_nivel_medio; eja_integrada_educacao_profissional,/data/educacao/municipios/{id}.json#blocos.oferta_tecnica.detalhamentos.por_modalidade_rede,"ano, modalidade, dependencia, matriculas, perc_modalidade",2013–2025,matrículas/percentual dentro da oferta técnica,matrículas da modalidade ou dependência selecionada,total da oferta técnica no artefato; não necessariamente o denominador legal do indicador principal,497/497,497,0; mínimo positivo 1; 177365 células com zero explícito,null permanece ausente; grupos ausentes não são convertidos em zero; zeros explícitos são preservados como publicados pela fonte,"parcial ou incompatível: os componentes existem, mas o denominador do artefato difere em pelo menos parte dos indicadores; EJA exige universo elegível e técnico articulado exige ensino médio",somente após reconstruir numerador e denominador legal no mesmo ano,somente após fórmula e universo idênticos,"agregado municipal, sem identificador individual; células pequenas e muitos zeros exigem supressão e aviso de instabilidade",contexto,composição da oferta; não calcular distância à meta nem substituir o indicador principal,not_recommended
